Source Node,Link,Destination Node,Source Type
allium,helps,fruit tree,vegetables
allium,helps,nightshades,vegetables
allium,helps,tomato,vegetables
allium,helps,capsicum,vegetables
allium,helps,pepper,vegetables
allium,helps,potato,vegetables
allium,helps,brassicas,vegetables
allium,helps,carrot,vegetables
asparagus,helps,tomato,vegetables
asparagus,helps,parsley,vegetables
bean,helps,cucumber,vegetables
bean,helps,strawberry,vegetables
beet,helps,broccoli,vegetables
beet,helps,bean,vegetables
beet,helps,cabbage,vegetables
beet,helps,lettuce,vegetables
beet,helps,kohlrabi,vegetables
beet,helps,onion,vegetables
beet,helps,brassicas,vegetables
beet,helps,passion fruit,vegetables
brassicas,helps,beet,vegetables
brassicas,helps,onion,vegetables
brassicas,helps,potato,vegetables
brassicas,helps,corn,vegetables
brassicas,helps,wheat,vegetables
broccoli,helps,lettuce,vegetables
cabbage,helps,bean,vegetables
cabbage,helps,celery,vegetables
carrot,helps,tomato,vegetables
carrot,helps,allium,vegetables
carrot,helps,bean,vegetables
carrot,helps,leeks,vegetables
carrot,helps,lettuce,vegetables
carrot,helps,onion,vegetables
carrot,helps,passion fruit,vegetables
cauliflower,helps,bean,vegetables
cauliflower,helps,celery,vegetables
cauliflower,helps,spinach,vegetables
cauliflower,helps,peas,vegetables
celery,helps,bean,vegetables
celery,helps,brassicas,vegetables
celery,helps,cucumber,vegetables
chard,helps,brassicas,vegetables
chard,helps,passion fruit,vegetables
corn,helps,bean,vegetables
corn,helps,cucurbit,vegetables
corn,helps,soybean,vegetables
corn,helps,squash,vegetables
corn,helps,tomato,vegetables
maize,helps,bean,vegetables
maize,helps,cucurbit,vegetables
maize,helps,soybean,vegetables
maize,helps,tomato,vegetables
cucumber,helps,bean,vegetables
cucumber,helps,kohlrabi,vegetables
cucumber,helps,lettuce,vegetables
cucurbit,helps,corn,vegetables
eggplant,helps,bean,vegetables
eggplant,helps,pepper,vegetables
eggplant,helps,tomato,vegetables
eggplant,helps,passion fruit,vegetables
eggplant,helps,okra,vegetables
aubergine,helps,bean,vegetables
aubergine,helps,pepper,vegetables
aubergine,helps,tomato,vegetables
aubergine,helps,passion fruit,vegetables
kohlrabi,helps,onion,vegetables
kohlrabi,helps,beet,vegetables
kohlrabi,helps,cucumber,vegetables
leek,helps,carrot,vegetables
leek,helps,celery,vegetables
leek,helps,onion,vegetables
leek,helps,tomato,vegetables
leek,helps,passion fruit,vegetables
legumes,helps,beet,vegetables
legumes,helps,lettuce,vegetables
legumes,helps,okra,vegetables
legumes,helps,potato,vegetables
legumes,helps,spinach,vegetables
legumes,helps,dill,vegetables
legumes,helps,cabbage,vegetables
legumes,helps,carrot,vegetables
legumes,helps,chards,vegetables
legumes,helps,eggplant,vegetables
legumes,helps,peas,vegetables
legumes,helps,tomato,vegetables
legumes,helps,brassicas,vegetables
legumes,helps,corn,vegetables
legumes,helps,cucumber,vegetables
legumes,helps,grapes,vegetables
lettuce,helps,beet,vegetables
lettuce,helps,bean,vegetables
lettuce,helps,okra,vegetables
lettuce,helps,onion,vegetables
lettuce,helps,radish,vegetables
lettuce,helps,broccoli,vegetables
lettuce,helps,carrot,vegetables
lettuce,helps,sunflower,vegetables
lettuce,helps,passion fruit,vegetables
mustard,helps,bean,vegetables
mustard,helps,broccoli,vegetables
mustard,helps,cabbage,vegetables
mustard,helps,cauliflower,vegetables
mustard,helps,fruit tree,vegetables
mustard,helps,grapes,vegetables
mustard,helps,radish,vegetables
mustard,helps,brussels sprouts,vegetables
mustard,helps,turnips,vegetables
okra,helps,sweet potato,vegetables
okra,helps,tomato,vegetables
okra,helps,eggplant,vegetables
okra,helps,pepper,vegetables
onion,helps,beet,vegetables
onion,helps,brassicas,vegetables
onion,helps,cabbage,vegetables
onion,helps,broccoli,vegetables
onion,helps,carrot,vegetables
onion,helps,lettuce,vegetables
onion,helps,cucumber,vegetables
onion,helps,pepper,vegetables
onion,helps,passion fruit,vegetables
onion,helps,strawberry,vegetables
onion,helps,green onion,vegetables
onion,helps,chinese cabbage,vegetables
parsnip,helps,fruit tree,vegetables
peas,helps,brassicas,vegetables
peas,helps,turnips,vegetables
peas,helps,cauliflower,vegetables
peas,helps,garlic,vegetables
pepper,helps,okra,vegetables
potato,helps,brassicas,vegetables
potato,helps,bean,vegetables
potato,helps,corn,vegetables
potato,helps,peas,vegetables
potato,helps,passion fruit,vegetables
pumpkin,helps,corn,vegetables
pumpkin,helps,bean,vegetables
radish,helps,squash,vegetables
radish,helps,eggplant,vegetables
radish,helps,cucumber,vegetables
radish,helps,lettuce,vegetables
radish,helps,peas,vegetables
radish,helps,bean,vegetables
radish,helps,"bean, pole",vegetables
spinach,helps,brassicas,vegetables
spinach,helps,cauliflower,vegetables
spinach,helps,passion fruit,vegetables
squash,helps,corn,vegetables
squash,helps,bean,vegetables
squash,helps,okra,vegetables
sweet potato,helps,okra,vegetables
tomato,helps,celery,vegetables
tomato,helps,rose,vegetables
tomato,helps,pepper,vegetables
tomato,helps,asparagus,vegetables
turnips,helps,peas,vegetables
turnips,helps,broccoli,vegetables
rutabagas,helps,peas,vegetables
rutabagas,helps,broccoli,vegetables
strawberry,helps,bean,fruits
strawberry,helps,lettuce,fruits
strawberry,helps,onion,fruits
strawberry,helps,spinach,fruits
strawberry,helps,passion fruit,fruits
basil,helps,tomato,herbs
basil,helps,pepper,herbs
basil,helps,oregano,herbs
basil,helps,asparagus,herbs
basil,helps,petunias,herbs
basil,helps,grapes,herbs
borage,helps,bean,herbs
borage,helps,strawberry,herbs
borage,helps,cucurbit,herbs
borage,helps,cucumber,herbs
borage,helps,squash,herbs
borage,helps,fruit tree,herbs
borage,helps,tomato,herbs
borage,helps,cabbage,herbs
caraway,helps,strawberry,herbs
catnip,helps,eggplant,herbs
chamomile,helps,anise,herbs
chamomile,helps,basil,herbs
chamomile,helps,borage,herbs
chamomile,helps,caraway,herbs
chamomile,helps,catnip,herbs
chamomile,helps,chamomille,herbs
chamomile,helps,chervil,herbs
chamomile,helps,chives,herbs
chamomile,helps,cilantro,herbs
chamomile,helps,corier,herbs
chamomile,helps,dill,herbs
chamomile,helps,fennel,herbs
chamomile,helps,flax,herbs
chamomile,helps,garlic,herbs
chamomile,helps,hyssop,herbs
chamomile,helps,lavender,herbs
chamomile,helps,lemon grass,herbs
chamomile,helps,lovage,herbs
chamomile,helps,oregano,herbs
chamomile,helps,parsley,herbs
chamomile,helps,peppermint,herbs
chamomile,helps,rosemary,herbs
chamomile,helps,sage,herbs
chamomile,helps,southernwood,herbs
chamomile,helps,spearmint,herbs
chamomile,helps,stinging nettle,herbs
chamomile,helps,summer savory,herbs
chamomile,helps,tarragon,herbs
chamomile,helps,thyme,herbs
chamomile,helps,wormwood,herbs
chamomile,helps,yarrow,herbs
chamomile,helps,brassicas,herbs
chamomile,helps,cucumber,herbs
chamomile,helps,wheat,herbs
chamomile,helps,onion,herbs
chamomile,helps,cabbage,herbs
chervil,helps,radish,herbs
chervil,helps,lettuce,herbs
chervil,helps,broccoli,herbs
chives,helps,apples,herbs
chives,helps,carrot,herbs
chives,helps,grapes,herbs
chives,helps,rose,herbs
chives,helps,tomato,herbs
chives,helps,brassicas,herbs
chives,helps,broccoli,herbs
chives,helps,cabbage,herbs
chives,helps,mustard,herbs
cilantro,helps,anise,herbs
cilantro,helps,cabbage,herbs
cilantro,helps,spinach,herbs
cilantro,helps,lettuce,herbs
cilantro,helps,tomato,herbs
coriander,helps,anise,herbs
coriander,helps,cabbage,herbs
coriander,helps,spinach,herbs
coriander,helps,lettuce,herbs
coriander,helps,tomato,herbs
dill,helps,brassicas,herbs
dill,helps,broccoli,herbs
dill,helps,cabbage,herbs
dill,helps,corn,herbs
dill,helps,eggplant,herbs
dill,helps,aubergine,herbs
dill,helps,fennel,herbs
dill,helps,lettuce,herbs
dill,helps,onion,herbs
dill,helps,cucumber,herbs
fennel,helps,dill,herbs
flax,helps,carrot,herbs
flax,helps,potato,herbs
garlic,helps,vetch,herbs
garlic,helps,brassicas,herbs
garlic,helps,beet,herbs
garlic,helps,rose,herbs
garlic,helps,tomato,herbs
garlic,helps,cucumber,herbs
garlic,helps,lettuce,herbs
garlic,helps,celery,herbs
garlic,helps,peas,herbs
garlic,helps,potato,herbs
hyssop,helps,brassicas,herbs
hyssop,helps,cabbage,herbs
hyssop,helps,grapes,herbs
lavender,helps,chamomille,herbs
lavender,helps,lettuce,herbs
lavender,helps,brassicas,herbs
lavender,helps,onion,herbs
lavender,helps,tomato,herbs
lavender,helps,oregano,herbs
lavender,helps,thyme,herbs
lavender,helps,marjoram,herbs
lavender,helps,sage,herbs
lavender,helps,rosemary,herbs
lavender,helps,basil,herbs
lavender,helps,lemon balm,herbs
lavender,helps,squash,herbs
lemon grass,helps,eggplant,herbs
lovage,helps,bean,herbs
oregano,helps,grapes,herbs
oregano,helps,tomato,herbs
oregano,helps,pepper,herbs
oregano,helps,pumpkin,herbs
parsley,helps,asparagus,herbs
parsley,helps,corn,herbs
parsley,helps,maize,herbs
parsley,helps,tomato,herbs
peppermint,helps,allium,herbs
peppermint,helps,brassicas,herbs
peppermint,helps,cabbage,herbs
peppermint,helps,peas,herbs
peppermint,helps,tomato,herbs
rosemary,helps,cabbage,herbs
rosemary,helps,bean,herbs
rosemary,helps,brassicas,herbs
rosemary,helps,carrot,herbs
rosemary,helps,thyme,herbs
sage,helps,brassicas,herbs
sage,helps,rosemary,herbs
sage,helps,cabbage,herbs
sage,helps,bean,herbs
sage,helps,brussels sprouts,herbs
sage,helps,carrot,herbs
sage,helps,strawberry,herbs
sage,helps,tomato,herbs
sage,helps,marjoram,herbs
southernwood,helps,brassicas,herbs
southernwood,helps,fruit tree,herbs
spearmint,helps,allium,herbs
spearmint,helps,brassicas,herbs
spearmint,helps,cabbage,herbs
spearmint,helps,peas,herbs
spearmint,helps,tomato,herbs
stinging nettle,helps,chamomille,herbs
stinging nettle,helps,mints,herbs
stinging nettle,helps,broccoli,herbs
stinging nettle,helps,tomato,herbs
stinging nettle,helps,valerian,herbs
stinging nettle,helps,angelica archangelica,herbs
stinging nettle,helps,marjoram,herbs
stinging nettle,helps,sage,herbs
stinging nettle,helps,peppermint,herbs
summer savoury,helps,bean,herbs
summer savoury,helps,melon,herbs
summer savoury,helps,onion,herbs
tarragon,helps,allium,herbs
tarragon,helps,asparagus,herbs
tarragon,helps,bean,herbs
tarragon,helps,bush,herbs
tarragon,helps,bean,herbs
tarragon,helps,pole,herbs
tarragon,helps,bean,herbs
tarragon,helps,fava,herbs
tarragon,helps,beet,herbs
tarragon,helps,brassicas,herbs
tarragon,helps,broccoli,herbs
tarragon,helps,brussels sprouts,herbs
tarragon,helps,cabbage,herbs
tarragon,helps,carrot,herbs
tarragon,helps,cauliflower,herbs
tarragon,helps,celery,herbs
tarragon,helps,chards,herbs
tarragon,helps,corn,herbs
tarragon,helps,maize,herbs
tarragon,helps,cucumber,herbs
tarragon,helps,cucurbit,herbs
tarragon,helps,eggplant,herbs
tarragon,helps,aubergine,herbs
tarragon,helps,kohlrabi,herbs
tarragon,helps,leeks,herbs
tarragon,helps,lettuce,herbs
tarragon,helps,mustard,herbs
tarragon,helps,nightshades,herbs
tarragon,helps,okra,herbs
tarragon,helps,onion,herbs
tarragon,helps,parsnip,herbs
tarragon,helps,peas,herbs
tarragon,helps,pepper,herbs
tarragon,helps,potato,herbs
tarragon,helps,pumpkin,herbs
tarragon,helps,radish,herbs
tarragon,helps,soybean,herbs
tarragon,helps,spinach,herbs
tarragon,helps,squash,herbs
tarragon,helps,sweet potato,herbs
tarragon,helps,tomato,herbs
tarragon,helps,turnips,herbs
tarragon,helps,rutabagas,herbs
tarragon,helps,eggplant,herbs
thyme,helps,brassicas,herbs
thyme,helps,cabbage,herbs
thyme,helps,eggplant,herbs
thyme,helps,aubergine,herbs
thyme,helps,potato,herbs
thyme,helps,strawberry,herbs
thyme,helps,tomato,herbs
thyme,helps,brussels sprouts,herbs
wormwood,helps,brassicas,herbs
wormwood,helps,carrot,herbs
yarrow,helps,"""",herbs
alyssum,helps,grapes,flowers
alyssum,helps,lettuce,flowers
bee balm,helps,tomato,flowers
dianthus,helps,rose,flowers
dianthus,helps,lavender,flowers
dianthus,helps,echinacea,flowers
dianthus,helps,aster,flowers
dianthus,helps,foxglove,flowers
geraniums,helps,rose,flowers
geraniums,helps,corn,flowers
geraniums,helps,pepper,flowers
geraniums,helps,grapes,flowers
larkspur,helps,bean,flowers
larkspur,helps,cabbage,flowers
lupin,helps,cucurbit,flowers
lupin,helps,brassicas,flowers
lupin,helps,lettuce,flowers
lupin,helps,rosemary,flowers
lupin,helps,dill,flowers
lupin,helps,strawberry,flowers
lupin,helps,rose,flowers
marigold,helps,tomato,flowers
marigold,helps,pepper,flowers
marigold,helps,cucurbit,flowers
marigold,helps,cucumber,flowers
marigold,helps,gourds,flowers
marigold,helps,squash,flowers
marigold,helps,potato,flowers
marigold,helps,rose,flowers
marigold,helps,allium,flowers
marigold,helps,brassicas,flowers
marigold,helps,zucchini,flowers
nasturtium,helps,bean,flowers
nasturtium,helps,squash,flowers
nasturtium,helps,tomato,flowers
nasturtium,helps,fruit tree,flowers
nasturtium,helps,brassicas,flowers
nasturtium,helps,radish,flowers
nasturtium,helps,cucumber,flowers
pansy,helps,allium,flowers
pansy,helps,onion,flowers
pansy,helps,rose,flowers
petunia,helps,cucurbit,flowers
petunia,helps,squash,flowers
petunia,helps,pumpkin,flowers
petunia,helps,cucumber,flowers
petunia,helps,asparagus,flowers
phacelia,helps,lettuce,flowers
phacelia,helps,tomato,flowers
phacelia,helps,rose,flowers
sunflower,helps,pepper,flowers
sunflower,helps,corn,flowers
sunflower,helps,cucumber,flowers
sunflower,helps,soybean,flowers
sunflower,helps,tomato,flowers
sunflower,helps,swan plant,flowers
swan plant,helps,sunflower,flowers
sweet pea,helps,sweet alyssum,flowers
sweet pea,helps,lobelia,flowers
sweet pea,helps,rose,flowers
sweet pea,helps,lavender,flowers
sweet pea,helps,catmint,flowers
tansy,helps,bean,flowers
tansy,helps,brassicas,flowers
tansy,helps,cucurbit,flowers
tansy,helps,cucumber,flowers
tansy,helps,squash,flowers
tansy,helps,raspberries,flowers
tansy,helps,relatives,flowers
tansy,helps,rose,flowers
tansy,helps,corn,flowers
tansy,helps,fruit tree,flowers
zinnia,helps,bean,flowers
zinnia,helps,tomato,flowers
zinnia,helps,pepper,flowers
artichoke,helps,kale cabbage,vegetables
artichoke,helped_by,kale cabbage,vegetables
allium,helped_by,carrot,vegetables
allium,helped_by,tomato,vegetables
allium,helped_by,carrot,vegetables
allium,helped_by,marigolds,vegetables
allium,helped_by,mints,vegetables
asparagus,helped_by,dill,vegetables
asparagus,helped_by,corier,vegetables
asparagus,helped_by,tomato,vegetables
asparagus,helped_by,parsley,vegetables
asparagus,helped_by,basil,vegetables
asparagus,helped_by,comfrey,vegetables
asparagus,helped_by,marigolds,vegetables
asparagus,helped_by,nasturtiums,vegetables
bean,helped_by,celery,vegetables
bean,helped_by,strawberry,vegetables
bean,helped_by,grains,vegetables
"bean, pole",helped_by,radish,vegetables
"bean, pole",helped_by,corn,vegetables
"bean, fava",helped_by,strawberry,vegetables
"bean, fava",helped_by,celery,vegetables
beet,helped_by,onion,vegetables
beet,helped_by,kohlrabi,vegetables
beet,helped_by,catnip,vegetables
beet,helped_by,garlic,vegetables
beet,helped_by,lettuce,vegetables
beet,helped_by,brassicas,vegetables
beet,helped_by,mints,vegetables
brassicas,helped_by,beet,vegetables
brassicas,helped_by,spinach,vegetables
brassicas,helped_by,chards,vegetables
brassicas,helped_by,celery,vegetables
brassicas,helped_by,chamomille,vegetables
brassicas,helped_by,marigolds,vegetables
brassicas,helped_by,dill,vegetables
brassicas,helped_by,sage,vegetables
brassicas,helped_by,peas,vegetables
brassicas,helped_by,peppermint,vegetables
brassicas,helped_by,spearmint,vegetables
brassicas,helped_by,spurrey,vegetables
brassicas,helped_by,rosemary,vegetables
brassicas,helped_by,rye-grass,vegetables
brassicas,helped_by,garlic,vegetables
brassicas,helped_by,onion,vegetables
brassicas,helped_by,potato,vegetables
brassicas,helped_by,geraniums,vegetables
brassicas,helped_by,allium,vegetables
brassicas,helped_by,nasturtiums,vegetables
brassicas,helped_by,borage,vegetables
brassicas,helped_by,hyssop,vegetables
brassicas,helped_by,tansy,vegetables
brassicas,helped_by,tomato,vegetables
brassicas,helped_by,thyme,vegetables
brassicas,helped_by,wormwood,vegetables
brassicas,helped_by,southernwood,vegetables
brassicas,helped_by,bean,vegetables
brassicas,helped_by,clover,vegetables
broccoli,helped_by,mustard,vegetables
broccoli,helped_by,rabe,vegetables
broccoli,helped_by,beet,vegetables
broccoli,helped_by,dill,vegetables
broccoli,helped_by,lettuce,vegetables
broccoli,helped_by,mustard,vegetables
broccoli,helped_by,onion,vegetables
broccoli,helped_by,tomato,vegetables
broccoli,helped_by,turnips,vegetables
broccoli,helped_by,clover,vegetables
brussels sprouts,helped_by,sage,vegetables
brussels sprouts,helped_by,thyme,vegetables
brussels sprouts,helped_by,clover,vegetables
cabbage,helped_by,bean,vegetables
cabbage,helped_by,clover,vegetables
cabbage,helped_by,calendula,vegetables
cabbage,helped_by,chamomille,vegetables
cabbage,helped_by,larkspur,vegetables
cabbage,helped_by,nasturtiums,vegetables
cabbage,helped_by,dill,vegetables
cabbage,helped_by,corier,vegetables
cabbage,helped_by,hyssop,vegetables
cabbage,helped_by,onion,vegetables
cabbage,helped_by,beet,vegetables
cabbage,helped_by,marigolds,vegetables
cabbage,helped_by,mints,vegetables
cabbage,helped_by,rosemary,vegetables
cabbage,helped_by,sage,vegetables
cabbage,helped_by,thyme,vegetables
cabbage,helped_by,tomato,vegetables
carrot,helped_by,lettuce,vegetables
carrot,helped_by,allium,vegetables
carrot,helped_by,chives,vegetables
carrot,helped_by,leeks,vegetables
carrot,helped_by,onion,vegetables
carrot,helped_by,shallots,vegetables
carrot,helped_by,rosemary,vegetables
carrot,helped_by,wormwood,vegetables
carrot,helped_by,sage,vegetables
carrot,helped_by,bean,vegetables
carrot,helped_by,flax,vegetables
cauliflower,helped_by,marigolds,vegetables
cauliflower,helped_by,rape,vegetables
cauliflower,helped_by,sunflower,vegetables
cauliflower,helped_by,spinach,vegetables
cauliflower,helped_by,peas,vegetables
celery,helped_by,cosmos,vegetables
celery,helped_by,daisies,vegetables
celery,helped_by,snapdragons,vegetables
celery,helped_by,leeks,vegetables
celery,helped_by,tomato,vegetables
celery,helped_by,cauliflower,vegetables
celery,helped_by,cabbage,vegetables
corn,helped_by,sunflower,vegetables
corn,helped_by,dill,vegetables
corn,helped_by,legumes,vegetables
corn,helped_by,bean,vegetables
corn,helped_by,peas,vegetables
corn,helped_by,peanuts,vegetables
corn,helped_by,cucurbit,vegetables
corn,helped_by,clover,vegetables
corn,helped_by,amaranth,vegetables
corn,helped_by,pigweed,vegetables
corn,helped_by,parsley,vegetables
corn,helped_by,potato,vegetables
corn,helped_by,melon,vegetables
maize,helped_by,sunflower,vegetables
maize,helped_by,dill,vegetables
maize,helped_by,legumes,vegetables
maize,helped_by,bean,vegetables
maize,helped_by,peas,vegetables
maize,helped_by,peanuts,vegetables
maize,helped_by,cucurbit,vegetables
maize,helped_by,clover,vegetables
maize,helped_by,amaranth,vegetables
maize,helped_by,pigweed,vegetables
maize,helped_by,parsley,vegetables
maize,helped_by,potato,vegetables
cucumber,helped_by,kohlrabi,vegetables
cucumber,helped_by,nasturtiums,vegetables
cucumber,helped_by,radish,vegetables
cucumber,helped_by,marigolds,vegetables
cucumber,helped_by,sunflower,vegetables
cucumber,helped_by,peas,vegetables
cucumber,helped_by,bean,vegetables
cucumber,helped_by,chamomille,vegetables
cucumber,helped_by,beet,vegetables
cucumber,helped_by,carrot,vegetables
cucumber,helped_by,dill,vegetables
cucumber,helped_by,onion,vegetables
cucumber,helped_by,garlic,vegetables
cucumber,helped_by,amaranth,vegetables
cucumber,helped_by,celery,vegetables
cucurbit,helped_by,corn,vegetables
eggplant,helped_by,marigolds,vegetables
eggplant,helped_by,catnip,vegetables
eggplant,helped_by,dill,vegetables
eggplant,helped_by,tarragon,vegetables
eggplant,helped_by,mints,vegetables
eggplant,helped_by,thyme,vegetables
aubergine,helped_by,marigolds,vegetables
aubergine,helped_by,catnip,vegetables
aubergine,helped_by,dill,vegetables
aubergine,helped_by,tarragon,vegetables
aubergine,helped_by,mints,vegetables
aubergine,helped_by,thyme,vegetables
kohlrabi,helped_by,beet,vegetables
kohlrabi,helped_by,cucumber,vegetables
leek,helped_by,carrot,vegetables
leek,helped_by,clover,vegetables
legumes,helped_by,beet,vegetables
legumes,helped_by,cucumber,vegetables
legumes,helped_by,borage,vegetables
legumes,helped_by,cabbage,vegetables
legumes,helped_by,carrot,vegetables
legumes,helped_by,cauliflower,vegetables
legumes,helped_by,corn,vegetables
legumes,helped_by,larkspur,vegetables
legumes,helped_by,lovage,vegetables
legumes,helped_by,marigolds,vegetables
legumes,helped_by,mustard,vegetables
legumes,helped_by,radish,vegetables
legumes,helped_by,potato,vegetables
legumes,helped_by,peppermint,vegetables
legumes,helped_by,rosemary,vegetables
legumes,helped_by,lettuce,vegetables
legumes,helped_by,onion,vegetables
legumes,helped_by,squash,vegetables
lettuce,helped_by,radish,vegetables
lettuce,helped_by,beet,vegetables
lettuce,helped_by,dill,vegetables
lettuce,helped_by,kohlrabi,vegetables
lettuce,helped_by,onion,vegetables
lettuce,helped_by,bean,vegetables
lettuce,helped_by,carrot,vegetables
lettuce,helped_by,cucumber,vegetables
lettuce,helped_by,strawberry,vegetables
lettuce,helped_by,broccoli,vegetables
lettuce,helped_by,thyme,vegetables
lettuce,helped_by,nasturtiums,vegetables
lettuce,helped_by,alyssum,vegetables
lettuce,helped_by,sunflower,vegetables
lettuce,helped_by,cilantro,vegetables
nightshades,helped_by,carrot,vegetables
nightshades,helped_by,allium,vegetables
nightshades,helped_by,mints,vegetables
nightshades,helped_by,basil,vegetables
nightshades,helped_by,oregano,vegetables
okra,helped_by,bean,vegetables
okra,helped_by,lettuce,vegetables
okra,helped_by,squash,vegetables
okra,helped_by,pepper,vegetables
onion,helped_by,carrot,vegetables
onion,helped_by,beet,vegetables
onion,helped_by,brassicas,vegetables
onion,helped_by,dill,vegetables
onion,helped_by,lettuce,vegetables
onion,helped_by,strawberry,vegetables
onion,helped_by,marigolds,vegetables
onion,helped_by,mints,vegetables
onion,helped_by,tomato,vegetables
onion,helped_by,chamomille,vegetables
onion,helped_by,pansy,vegetables
peas,helped_by,turnips,vegetables
peas,helped_by,cauliflower,vegetables
peas,helped_by,garlic,vegetables
peas,helped_by,mints,vegetables
pepper,helped_by,bean,vegetables
pepper,helped_by,tomato,vegetables
pepper,helped_by,marjoram,vegetables
pepper,helped_by,okra,vegetables
pepper,helped_by,geraniums,vegetables
pepper,helped_by,petunias,vegetables
pepper,helped_by,sunflower,vegetables
pepper,helped_by,onion,vegetables
pepper,helped_by,basil,vegetables
potato,helped_by,horseradish,vegetables
potato,helped_by,bean,vegetables
potato,helped_by,marigolds,vegetables
potato,helped_by,peas,vegetables
potato,helped_by,onion,vegetables
potato,helped_by,garlic,vegetables
potato,helped_by,thyme,vegetables
potato,helped_by,clover,vegetables
pumpkin,helped_by,buckwheat,vegetables
pumpkin,helped_by,catnip,vegetables
pumpkin,helped_by,oregano,vegetables
pumpkin,helped_by,tansy,vegetables
pumpkin,helped_by,radish,vegetables
pumpkin,helped_by,nasturtiums,vegetables
radish,helped_by,chervil,vegetables
radish,helped_by,lettuce,vegetables
radish,helped_by,nasturtiums,vegetables
soybean,helped_by,corn,vegetables
soybean,helped_by,sunflower,vegetables
spinach,helped_by,strawberry,vegetables
spinach,helped_by,peas,vegetables
spinach,helped_by,bean,vegetables
spinach,helped_by,cauliflower,vegetables
squash,helped_by,bean,vegetables
squash,helped_by,buckwheat,vegetables
squash,helped_by,borage,vegetables
squash,helped_by,catnip,vegetables
squash,helped_by,tansy,vegetables
squash,helped_by,radish,vegetables
squash,helped_by,marigolds,vegetables
squash,helped_by,nasturtiums,vegetables
sweet potato,helped_by,okra,vegetables
tomato,helped_by,asparagus,vegetables
tomato,helped_by,basil,vegetables
tomato,helped_by,bean,vegetables
tomato,helped_by,oregano,vegetables
tomato,helped_by,parsley,vegetables
tomato,helped_by,marigolds,vegetables
tomato,helped_by,allium,vegetables
tomato,helped_by,garlic,vegetables
tomato,helped_by,leeks,vegetables
tomato,helped_by,celery,vegetables
tomato,helped_by,geraniums,vegetables
tomato,helped_by,petunias,vegetables
tomato,helped_by,nasturtiums,vegetables
tomato,helped_by,borage,vegetables
tomato,helped_by,corier,vegetables
tomato,helped_by,chives,vegetables
tomato,helped_by,corn,vegetables
tomato,helped_by,dill,vegetables
tomato,helped_by,mustard,vegetables
tomato,helped_by,fenugreek,vegetables
tomato,helped_by,barley,vegetables
tomato,helped_by,carrot,vegetables
tomato,helped_by,eggplant,vegetables
tomato,helped_by,mints,vegetables
tomato,helped_by,okra,vegetables
tomato,helped_by,sage,vegetables
tomato,helped_by,thyme,vegetables
tomato,helped_by,cucumber,vegetables
tomato,helped_by,squash,vegetables
turnips,helped_by,peas,vegetables
rutabagas,helped_by,peas,vegetables
apple,helped_by,clover,fruits
apple,helped_by,chives,fruits
apple,helped_by,garlic,fruits
apple,helped_by,leeks,fruits
apple,helped_by,nasturtiums,fruits
apple,helped_by,southernwood,fruits
apple,helped_by,daffodils,fruits
apple,helped_by,comfrey,fruits
blueberries,helped_by,strawberry,fruits
blueberries,helped_by,clover,fruits
blueberries,helped_by,dewberries,fruits
blueberries,helped_by,yarrow,fruits
fruit tree,helped_by,allium,fruits
fruit tree,helped_by,tansy,fruits
fruit tree,helped_by,nasturtiums,fruits
fruit tree,helped_by,marigolds,fruits
fruit tree,helped_by,marjoram,fruits
fruit tree,helped_by,mustard,fruits
fruit tree,helped_by,delions,fruits
fruit tree,helped_by,borage,fruits
grapes,helped_by,hyssop,fruits
grapes,helped_by,alyssum,fruits
grapes,helped_by,basil,fruits
grapes,helped_by,bean,fruits
grapes,helped_by,chives,fruits
grapes,helped_by,geraniums,fruits
grapes,helped_by,mustard,fruits
grapes,helped_by,oregano,fruits
grapes,helped_by,clover,fruits
grapes,helped_by,peas,fruits
grapes,helped_by,blackberries,fruits
melon,helped_by,chamomille,fruits
melon,helped_by,pigweed,fruits
passion fruit,helped_by,potato,fruits
passion fruit,helped_by,beet,fruits
passion fruit,helped_by,carrot,fruits
passion fruit,helped_by,spinach,fruits
passion fruit,helped_by,strawberry,fruits
passion fruit,helped_by,onion,fruits
passion fruit,helped_by,leeks,fruits
passion fruit,helped_by,lettuce,fruits
strawberry,helped_by,caraway,fruits
strawberry,helped_by,lupin,fruits
strawberry,helped_by,onion,fruits
strawberry,helped_by,sage,fruits
strawberry,helped_by,thyme,fruits
strawberry,helped_by,borage,fruits
anise,helped_by,corier,herbs
basil,helped_by,chamomille,herbs
basil,helped_by,anise,herbs
chives,helped_by,carrot,herbs
cilantro,helped_by,bean,herbs
cilantro,helped_by,peas,herbs
coriander,helped_by,bean,herbs
coriander,helped_by,peas,herbs
dill,helped_by,fennel,herbs
fennel,helped_by,dill,herbs
garlic,helped_by,tarragon,herbs
garlic,helped_by,peas,herbs
oregano,helped_by,basil,herbs
parsley,helped_by,apples,herbs
parsley,helped_by,asparagus,herbs
parsley,helped_by,rose,herbs
lupin,helped_by,rose,flowers
marigold,helped_by,rose,flowers
pansy,helped_by,rose,flowers
rose,helped_by,chives,flowers
rose,helped_by,garlic,flowers
rose,helped_by,marigolds,flowers
swan plant,helped_by,sunflower,flowers
swan plant,helped_by,basil,flowers
sweet pea,helped_by,brassicas,flowers
sweet pea,helped_by,spinach,flowers
sweet pea,helped_by,silverbeet,flowers
sweet pea,helped_by,salads,flowers
beet,helped_by,bean,vegetables
broccoli,helped_by,pac choi,vegetables
brussels sprouts,helped_by,malting barley,vegetables
cabbage,helped_by,pot marigold,vegetables
cabbage,helped_by,lacy phacelia,vegetables
cabbage,helped_by,green onion,vegetables
cabbage,helped_by,chinese cabbage,vegetables
cauliflower,helped_by,chinese cabbage,vegetables
celery,helped_by,bean,vegetables
corn,helped_by,white geranium,vegetables
corn,helped_by,lamb's quarters,vegetables
corn,helped_by,morning glory,vegetables
corn,helped_by,field mustard,vegetables
corn,helped_by,sudan grass,vegetables
maize,helped_by,white geranium,vegetables
maize,helped_by,lamb's quarters,vegetables
maize,helped_by,morning glory,vegetables
maize,helped_by,field mustard,vegetables
maize,helped_by,sudan grass,vegetables
cucumber,helped_by,amaranthus cruentus,vegetables
cucumber,helped_by,malabar spinach,vegetables
cucurbit,helped_by,grain sorghum,vegetables
eggplant,helped_by,redroot pigweed,vegetables
eggplant,helped_by,green bean,vegetables
aubergine,helped_by,redroot pigweed,vegetables
aubergine,helped_by,green bean,vegetables
legumes,helped_by,summer savory,vegetables
legumes,helped_by,lacy phacelia,vegetables
okra,helped_by,sweet potato,vegetables
onion,helped_by,summer savory,vegetables
pepper,helped_by,crimson clover,vegetables
pepper,helped_by,field mustard,vegetables
potato,helped_by,dead nettle,vegetables
pumpkin,helped_by,jimson weed,vegetables
soybean,helped_by,snap bean,vegetables
turnips,helped_by,hairy vetch,vegetables
rutabagas,helped_by,hairy vetch,vegetables
blueberries,helped_by,oak trees,fruits
blueberries,helped_by,pine trees,fruits
blueberries,helped_by,bay laurel,fruits
fruit tree,helped_by,lemon balm,fruits
melon,helped_by,summer savory,fruits
melon,helped_by,sow thistle,fruits
passion fruit,helped_by,swiss chard,fruits
strawberry,helped_by,bean,fruits
lupin,helped_by,summer savory,flowers
sunflower,helped_by,swan plant,flowers
tomato,helped_by,bee balm monarda,vegetables
allium,avoid,bean,vegetables
allium,avoid,peas,vegetables
asparagus,avoid,onion,vegetables
asparagus,avoid,garlic,vegetables
asparagus,avoid,potato,vegetables
asparagus,avoid,gladiolus,vegetables
bean,avoid,fennel,vegetables
bean,avoid,soybean,vegetables
bean,avoid,alfalfa,vegetables
"bean, pole",avoid,sunflower,vegetables
"bean, pole",avoid,beet,vegetables
"bean, pole",avoid,brassicas,vegetables
"bean, pole",avoid,kohlrabi,vegetables
beet,avoid,runner,vegetables
brassicas,avoid,mustard,vegetables
brassicas,avoid,nightshades,vegetables
brassicas,avoid,tomato,vegetables
brassicas,avoid,pepper,vegetables
brassicas,avoid,strawberry,vegetables
cabbage,avoid,grapes,vegetables
carrot,avoid,dill,vegetables
carrot,avoid,parsnip,vegetables
carrot,avoid,radish,vegetables
celery,avoid,corn,vegetables
corn,avoid,tomato,vegetables
corn,avoid,celery,vegetables
maize,avoid,tomato,vegetables
maize,avoid,celery,vegetables
cucumber,avoid,potato,vegetables
legumes,avoid,allium,vegetables
legumes,avoid,gladiolus,vegetables
lettuce,avoid,celery,vegetables
lettuce,avoid,cabbage,vegetables
lettuce,avoid,cress,vegetables
lettuce,avoid,parsley,vegetables
nightshades,avoid,bean,vegetables
nightshades,avoid,corn,vegetables
nightshades,avoid,fennel,vegetables
nightshades,avoid,dill,vegetables
nightshades,avoid,brassicas,vegetables
onion,avoid,lentils,vegetables
onion,avoid,peas,vegetables
onion,avoid,bean,vegetables
pepper,avoid,bean,vegetables
potato,avoid,atriplex,vegetables
potato,avoid,carrot,vegetables
potato,avoid,cucumber,vegetables
potato,avoid,pumpkin,vegetables
potato,avoid,raspberries,vegetables
potato,avoid,squash,vegetables
potato,avoid,sunflower,vegetables
potato,avoid,tomato,vegetables
pumpkin,avoid,potato,vegetables
radish,avoid,grapes,vegetables
tomato,avoid,alfalfa,vegetables
tomato,avoid,corn,vegetables
tomato,avoid,fennel,vegetables
tomato,avoid,peas,vegetables
tomato,avoid,dill,vegetables
tomato,avoid,potato,vegetables
tomato,avoid,beetroot,vegetables
tomato,avoid,brassicas,vegetables
tomato,avoid,rosemary,vegetables
turnips,avoid,knotweed,vegetables
rutabagas,avoid,knotweed,vegetables
apple,avoid,cedar,fruits
apple,avoid,walnut,fruits
apricot,avoid,pepper,fruits
blueberries,avoid,tomato,fruits
grapes,avoid,cabbage,fruits
grapes,avoid,garlic,fruits
grapes,avoid,radish,fruits
passion fruit,avoid,cucurbit,fruits
passion fruit,avoid,maize,fruits
passion fruit,avoid,cowpea,fruits
passion fruit,avoid,sorghum,fruits
passion fruit,avoid,okra,fruits
strawberry,avoid,brassicas,fruits
strawberry,avoid,tomato,fruits
strawberry,avoid,potato,fruits
strawberry,avoid,eggplant,fruits
strawberry,avoid,pepper,fruits
strawberry,avoid,melon,fruits
strawberry,avoid,okra,fruits
strawberry,avoid,mints,fruits
strawberry,avoid,bush,fruits
strawberry,avoid,chrysanthemums,fruits
strawberry,avoid,rose,fruits
basil,avoid,thyme,herbs
caraway,avoid,dill,herbs
chervil,avoid,radish,herbs
chives,avoid,bean,herbs
chives,avoid,peas,herbs
dill,avoid,carrot,herbs
dill,avoid,tomato,herbs
garlic,avoid,cabbage,herbs
garlic,avoid,grapes,herbs
hyssop,avoid,radish,herbs
lovage,avoid,rhubarb,herbs
parsley,avoid,allium,herbs
parsley,avoid,lettuce,herbs
sage,avoid,allium,herbs
geraniums,avoid,tomato,flowers
geraniums,avoid,tobacco,flowers
geraniums,avoid,nightshades,flowers
lupin,avoid,tomato,flowers
lupin,avoid,nightshades,flowers
nasturtium,avoid,cauliflower,flowers
bean,avoid,dry bean,vegetables
beet,avoid,"bean, pole",vegetables
brassicas,avoid,"bean, pole",vegetables
celery,avoid,aster,vegetables
cucumber,avoid,aromatic herbs,vegetables
leek,avoid,swiss chard,vegetables
nightshades,avoid,black walnut,vegetables
pepper,avoid,kale cabbage,vegetables
pepper,avoid,brussels sprouts,vegetables
tomato,avoid,black walnut,vegetables
tomato,avoid,chili pepper,vegetables
turnips,avoid,hedge mustard,vegetables
rutabagas,avoid,hedge mustard,vegetables
passion fruit,avoid,sweet potato,fruits
strawberry,avoid,bramble fruits,fruits
strawberry,avoid,stone fruits,fruits
basil,avoid,common rue,herbs
sage,avoid,common rue,herbs
sunflower,avoid,"bean, pole",flowers
